<?xml version="1.0" encoding="UTF-8"?>
<feature
      id="org.eclipse.e4.rcp"
      label="%featureName"
      version="4.30.0.v20231113-1355"
      provider-name="%providerName">

   <description>
      %description
   </description>

   <copyright>
      %copyright
   </copyright>

   <license url="%licenseURL">
      %license
   </license>

   <requires>
      <import feature="org.eclipse.emf.common" version="2.7.0" match="compatible"/>
      <import feature="org.eclipse.emf.ecore" version="2.7.0" match="compatible"/>
   </requires>

   <plugin
         id="org.eclipse.e4.core.services"
         version="2.4.200.v20231103-2012"/>

   <plugin
         id="org.eclipse.e4.ui.workbench.swt"
         version="0.17.200.v20231030-2045"/>

   <plugin
         id="org.eclipse.e4.core.commands"
         version="1.1.200.v20231108-1058"/>

   <plugin
         id="org.eclipse.e4.ui.bindings"
         version="0.14.200.v20231030-2045"/>

   <plugin
         id="org.eclipse.e4.ui.model.workbench"
         version="2.4.100.v20230801-1255"/>

   <plugin
         id="org.eclipse.e4.ui.progress"
         version="0.4.200.v20231030-2045"/>

   <plugin
         id="org.eclipse.e4.ui.services"
         version="1.6.200.v20231030-2045"/>

   <plugin
         id="org.eclipse.e4.ui.workbench.renderers.swt"
         version="0.16.200.v20231030-2045"/>

   <plugin
         id="org.eclipse.e4.ui.workbench"
         version="1.15.200.v20231030-2045"/>

   <plugin
         id="org.eclipse.e4.ui.css.core"
         version="0.14.200.v20231025-0632"/>

   <plugin
         id="org.eclipse.e4.ui.css.swt"
         version="0.15.200.v20231025-0632"/>

   <plugin
         id="org.eclipse.e4.core.di"
         version="1.9.200.v20231105-0754"/>

   <plugin
         id="org.eclipse.e4.core.contexts"
         version="1.12.400.v20231103-2012"/>

   <plugin
         id="org.apache.xmlgraphics"
         version="2.9.0.v20230916-1600"/>

   <plugin
         id="org.eclipse.e4.core.di.extensions"
         version="0.18.100.v20231103-2012"/>

   <plugin
         id="org.eclipse.e4.ui.css.swt.theme"
         version="0.14.200.v20230913-1724"/>

   <plugin
         id="org.eclipse.e4.ui.di"
         version="1.5.200.v20231030-2045"/>

   <plugin
         id="org.eclipse.e4.ui.widgets"
         version="1.4.0.v20230317-0802"/>

   <plugin
         id="org.eclipse.e4.ui.workbench.renderers.swt.cocoa"
         os="macosx"
         ws="cocoa"
         version="0.14.200.v20231030-2045"/>

   <plugin
         id="org.eclipse.equinox.common"
         version="3.18.200.v20231106-1826"/>

   <plugin
         id="org.eclipse.equinox.event"
         version="1.6.300.v20231012-1251"/>

   <plugin
         id="org.eclipse.core.commands"
         version="3.11.200.v20231108-1058"/>

   <plugin
         id="org.eclipse.core.contenttype"
         version="3.9.200.v20230914-0751"/>

   <plugin
         id="org.eclipse.core.databinding"
         version="1.13.100.v20230708-0916"/>

   <plugin
         id="org.eclipse.core.databinding.beans"
         version="1.10.100.v20230708-0916"/>

   <plugin
         id="org.eclipse.core.databinding.observable"
         version="1.13.100.v20230708-0916"/>

   <plugin
         id="org.eclipse.core.databinding.property"
         version="1.10.100.v20230708-0916"/>

   <plugin
         id="org.eclipse.core.expressions"
         version="3.9.200.v20230921-0857"/>

   <plugin
         id="org.eclipse.core.jobs"
         version="3.15.100.v20230930-1207"/>

   <plugin
         id="org.eclipse.core.runtime"
         version="3.30.0.v20231102-0719"/>

   <plugin
         id="org.eclipse.equinox.app"
         version="1.6.400.v20231103-0807"/>

   <plugin
         id="org.eclipse.equinox.launcher"
         version="1.6.600.v20231106-1826"/>

   <plugin
         id="org.eclipse.equinox.preferences"
         version="3.10.400.v20231102-2218"/>

   <plugin
         id="org.osgi.service.prefs"
         version="1.1.2.202109301733"/>

   <plugin
         id="org.eclipse.equinox.registry"
         version="3.11.400.v20231102-2218"/>

   <plugin
         id="org.eclipse.equinox.simpleconfigurator"
         version="1.5.0.v20230919-1457"/>

   <plugin
         id="org.eclipse.osgi"
         version="3.18.600.v20231110-1900"/>

   <plugin
         id="org.eclipse.osgi.compatibility.state"
         version="1.2.900.v20231106-0859"/>

   <plugin
         id="org.eclipse.osgi.services"
         version="3.11.200.v20231106-0901"/>

   <plugin
         id="org.eclipse.osgi.util"
         version="3.7.300.v20231104-1118"/>

   <plugin
         id="org.eclipse.equinox.launcher.cocoa.macosx.x86_64"
         os="macosx"
         ws="cocoa"
         arch="x86_64"
         version="1.2.800.v20231003-1442"/>

   <plugin
         id="org.eclipse.equinox.launcher.cocoa.macosx.aarch64"
         os="macosx"
         ws="cocoa"
         arch="aarch64"
         version="1.2.800.v20231003-1442"/>

   <plugin
         id="org.eclipse.equinox.launcher.gtk.linux.ppc64le"
         os="linux"
         ws="gtk"
         arch="ppc64le"
         version="1.2.800.v20231003-1442"/>

   <plugin
         id="org.eclipse.equinox.launcher.gtk.linux.aarch64"
         os="linux"
         ws="gtk"
         arch="aarch64"
         version="1.2.800.v20231003-1442"/>

   <plugin
         id="org.eclipse.equinox.launcher.gtk.linux.x86_64"
         os="linux"
         ws="gtk"
         arch="x86_64"
         version="1.2.800.v20231003-1442"/>

   <plugin
         id="org.eclipse.equinox.launcher.win32.win32.x86_64"
         os="win32"
         ws="win32"
         arch="x86_64"
         version="1.2.800.v20231003-1442"/>

   <plugin
         id="org.eclipse.swt"
         version="3.124.200.v20231113-1355"/>

   <plugin
         id="org.eclipse.swt.win32.win32.x86_64"
         os="win32"
         ws="win32"
         arch="x86_64"
         version="3.124.200.v20231113-1355"/>

   <plugin
         id="org.eclipse.swt.gtk.linux.ppc64le"
         os="linux"
         ws="gtk"
         arch="ppc64le"
         version="3.124.200.v20231113-1355"/>

   <plugin
         id="org.eclipse.swt.gtk.linux.aarch64"
         os="linux"
         ws="gtk"
         arch="aarch64"
         version="3.124.200.v20231113-1355"/>

   <plugin
         id="org.eclipse.swt.gtk.linux.x86_64"
         os="linux"
         ws="gtk"
         arch="x86_64"
         version="3.124.200.v20231113-1355"/>

   <plugin
         id="org.eclipse.swt.cocoa.macosx.x86_64"
         os="macosx"
         ws="cocoa"
         arch="x86_64"
         version="3.124.200.v20231113-1355"/>

   <plugin
         id="org.eclipse.swt.cocoa.macosx.aarch64"
         os="macosx"
         ws="cocoa"
         arch="aarch64"
         version="3.124.200.v20231113-1355"/>

   <plugin
         id="org.eclipse.jface"
         version="3.32.0.v20231107-0834"/>

   <plugin
         id="org.eclipse.jface.databinding"
         version="1.15.100.v20230708-0916"/>

   <plugin
         id="org.eclipse.e4.ui.workbench3"
         version="0.17.200.v20231025-0632"/>

   <plugin
         id="org.apache.felix.gogo.command"
         version="1.1.2"/>

   <plugin
         id="org.apache.felix.gogo.runtime"
         version="1.1.6"/>

   <plugin
         id="org.apache.felix.gogo.shell"
         version="1.1.4"/>

   <plugin
         id="org.eclipse.equinox.console"
         version="1.4.600.v20231106-0859"/>

   <plugin
         id="org.eclipse.e4.ui.workbench.addons.swt"
         version="1.5.200.v20231106-1600"/>

   <plugin
         id="org.eclipse.equinox.bidi"
         version="1.4.400.v20231106-0858"/>

   <plugin
         id="org.eclipse.e4.ui.dialogs"
         version="1.4.100.v20230727-0604"/>

   <plugin
         id="org.eclipse.e4.ui.dialogs"
         version="1.4.100.v20230727-0604"/>

   <plugin
         id="org.eclipse.e4.emf.xpath"
         version="0.4.100.v20230801-1255"/>

   <plugin
         id="org.eclipse.e4.core.di.annotations"
         version="1.8.200.v20231103-2012"/>

   <plugin
         id="org.eclipse.e4.ui.swt.gtk"
         ws="gtk"
         version="1.2.100.v20231030-2045"/>

   <plugin
         id="org.eclipse.e4.ui.swt.win32"
         ws="win32"
         version="1.2.100.v20231030-2045"/>

   <plugin
         id="org.eclipse.e4.core.di.extensions.supplier"
         version="0.17.300.v20231028-1632"/>

   <plugin
         id="org.eclipse.urischeme"
         version="1.3.100.v20230727-0604"/>

   <plugin
         id="org.eclipse.jface.notifications"
         version="0.7.0.v20231017-1913"/>

   <plugin
         id="org.osgi.util.function"
         version="1.2.0.202109301733"/>

   <plugin
         id="org.osgi.util.promise"
         version="1.3.0.202212101352"/>

   <plugin
         id="org.osgi.util.measurement"
         version="1.0.2.201802012109"/>

   <plugin
         id="org.osgi.util.position"
         version="1.0.1.201505202026"/>

   <plugin
         id="org.osgi.util.xml"
         version="1.0.2.202109301733"/>

   <plugin
         id="org.osgi.service.cm"
         version="1.6.1.202109301733"/>

   <plugin
         id="org.osgi.service.component"
         version="1.5.1.202212101352"/>

   <plugin
         id="org.osgi.service.device"
         version="1.1.1.202109301733"/>

   <plugin
         id="org.osgi.service.event"
         version="1.4.1.202109301733"/>

   <plugin
         id="org.osgi.service.metatype"
         version="1.4.1.202109301733"/>

   <plugin
         id="org.osgi.service.provisioning"
         version="1.2.0.201505202024"/>

   <plugin
         id="org.osgi.service.upnp"
         version="1.2.1.202109301733"/>

   <plugin
         id="org.osgi.service.useradmin"
         version="1.1.1.202109301733"/>

   <plugin
         id="org.osgi.service.wireadmin"
         version="1.0.2.202109301733"/>

</feature>
