<?xml version="1.0" encoding="UTF-8"?>
<feature
      id="org.eclipse.ecf.core.ssl.feature"
      label="ECF Core SSL Feature"
      version="1.1.501.v20230507-1921"
      provider-name="Eclipse.org - ECF">

   <description url="http://www.eclipse.org/ecf">
      This feature provides the ECF core SSL fragment.  On Equinox-based frameworks, this fragment exposes the Equinox TrustManager to ECF FileTransfer and other ECF-based communications.
   </description>

   <copyright>
      %copyright
   </copyright>

   <license url="%licenseURL">
      %license
   </license>

   <requires>
      <import plugin="org.eclipse.ecf"/>
      <import plugin="org.eclipse.ecf.identity"/>
   </requires>

   <plugin
         id="org.eclipse.ecf.ssl"
         download-size="19"
         install-size="30"
         version="1.3.0.v20230507-1921"
         fragment="true"
         unpack="false"/>

</feature>
