<?xml version='1.0' encoding='UTF-8'?>
<?artifactRepository version='1.1.0'?>
<repository name='download cache' type='org.eclipse.equinox.p2.artifact.repository.simpleRepository' version='1.0.0'>
  <properties size='2'>
    <property name='p2.system' value='true'/>
    <property name='p2.timestamp' value='1701885449813'/>
  </properties>
  <mappings size='3'>
    <rule filter='(&amp; (classifier=osgi.bundle))' output='${repoUrl}/plugins/${id}_${version}.jar'/>
    <rule filter='(&amp; (classifier=binary))' output='${repoUrl}/binary/${id}_${version}'/>
    <rule filter='(&amp; (classifier=org.eclipse.update.feature))' output='${repoUrl}/features/${id}_${version}.jar'/>
  </mappings>
  <artifacts size='4'>
    <artifact classifier='binary' id='org.eclipse.mat.ui.rcp.feature_root' version='1.15.0.202311170814'>
      <properties size='1'>
        <property name='download.size' value='9428'/>
      </properties>
    </artifact>
    <artifact classifier='binary' id='org.eclipse.rcp_root' version='4.30.0.v20231201-0512'>
      <properties size='1'>
        <property name='download.size' value='20738'/>
      </properties>
    </artifact>
    <artifact classifier='binary' id='org.eclipse.mat.ui.rcp.feature_root.gtk.linux.aarch64' version='1.15.0.202311170814'>
      <properties size='1'>
        <property name='download.size' value='360'/>
      </properties>
    </artifact>
    <artifact classifier='binary' id='org.eclipse.mat.ui.rcp.MemoryAnalyzer.executable.gtk.linux.aarch64' version='1.15.0.202312061754'>
      <properties size='1'>
        <property name='download.size' value='35629'/>
      </properties>
    </artifact>
  </artifacts>
</repository>
